filename,method,pred,conf,latency_s,decision,reason_code,qr_found,error,cer,exact,split,level,expected_decision,serial,template,item,angle,tilt,tilt_axis,bend,crumple,blur,noise,glare,light,scale,jpeg,seed,corners,expected_reason,decision_correct,reason_correct
images/rotation_0000.jpg,baseline,SEN-988645-1V,90.17953466412695,8.674030600000151,MISMATCH,UNKNOWN_SERIAL,False,,0.0,True,rotation,0.0,MISMATCH,SEN-988645-1V,component,Unregistered Part,0.0,0.0,160.37346216538586,0.0,0.0,0.0,1.919802238103781,0.1470170435134268,0.072147308718026,0.8534466493459701,89,1052882747,"399.0,248.9;911.0,248.9;911.0,479.3;399.0,479.3",UNKNOWN_SERIAL,True,True
images/rotation_0000.jpg,pipeline,SEN-988645-1V,84.8283316018973,1.5392751999997927,MISMATCH,UNKNOWN_SERIAL,False,,0.0,True,rotation,0.0,MISMATCH,SEN-988645-1V,component,Unregistered Part,0.0,0.0,160.37346216538586,0.0,0.0,0.0,1.919802238103781,0.1470170435134268,0.072147308718026,0.8534466493459701,89,1052882747,"399.0,248.9;911.0,248.9;911.0,479.3;399.0,479.3",UNKNOWN_SERIAL,True,True
images/rotation_0001.jpg,baseline,PCB-5862,98.57462131640065,8.381639999999607,PASS,OK,True,,0.2,False,rotation,0.0,PASS,PCB-5862-0,shipping,Main Controller PCB,0.0,0.0,92.44575839332596,0.0,0.0,0.36,2.3916522067378407,0.1672771136775202,0.245982469616695,1.1498968372031373,87,163895737,"216.3,232.7;952.2,232.7;952.2,577.7;216.3,577.7",OK,True,True
images/rotation_0001.jpg,pipeline,PCB-5862,90.0388735210896,10.649036899999373,PASS,OK,True,,0.2,False,rotation,0.0,PASS,PCB-5862-0,shipping,Main Controller PCB,0.0,0.0,92.44575839332596,0.0,0.0,0.36,2.3916522067378407,0.1672771136775202,0.245982469616695,1.1498968372031373,87,163895737,"216.3,232.7;952.2,232.7;952.2,577.7;216.3,577.7",OK,True,True
images/rotation_0002.jpg,baseline,SN-9493-U,81.51743111889506,8.388204099999712,MISMATCH,FAULTY_LOT,False,,0.0,True,rotation,0.0,MISMATCH,SN-9493-U,pcb,Voltage Regulator Module,0.0,0.0,103.9362045796198,0.0,0.0,0.36,2.8723516107663074,0.0253599038553644,0.1075203872583028,1.061192662380074,95,53127243,"230.5,324.2;888.5,324.2;888.5,632.0;230.5,632.0",FAULTY_LOT,True,True
images/rotation_0002.jpg,pipeline,SN-9493-U,72.07049089758469,6.468456000000515,MISMATCH,FAULTY_LOT,False,,0.0,True,rotation,0.0,MISMATCH,SN-9493-U,pcb,Voltage Regulator Module,0.0,0.0,103.9362045796198,0.0,0.0,0.36,2.8723516107663074,0.0253599038553644,0.1075203872583028,1.061192662380074,95,53127243,"230.5,324.2;888.5,324.2;888.5,632.0;230.5,632.0",FAULTY_LOT,True,True
images/rotation_0003.jpg,baseline,LBL-4983-YZ,99.99794764350885,8.189893400000074,PASS,OK,False,,0.0,True,rotation,0.0,PASS,LBL-4983-YZ,metal,Return Label Stock,0.0,0.0,20.960629854945804,0.0,0.0,0.6,2.290626697117221,0.4472906188347588,0.0681368401628335,0.9995365251613229,92,1054480422,"357.0,275.2;956.7,275.2;956.7,545.1;357.0,545.1",OK,True,True
images/rotation_0003.jpg,pipeline,LBL-4983-YZ,99.98699528285398,0.38735670000005484,PASS,OK,False,,0.0,True,rotation,0.0,PASS,LBL-4983-YZ,metal,Return Label Stock,0.0,0.0,20.960629854945804,0.0,0.0,0.6,2.290626697117221,0.4472906188347588,0.0681368401628335,0.9995365251613229,92,1054480422,"357.0,275.2;956.7,275.2;956.7,545.1;357.0,545.1",OK,True,True
images/rotation_0004.jpg,baseline,PCB-5851-LN,90.88232352531996,8.443423900000198,PASS,OK,False,,0.0,True,rotation,0.0,PASS,PCB-5851-LN,component,Main Controller PCB,0.0,0.0,4.567704823560439,0.0,0.0,0.6,1.9759302968787635,0.1768074208963974,0.1628000258300201,1.0053961704787011,91,482163473,"411.6,329.8;1014.8,329.8;1014.8,601.2;411.6,601.2",OK,True,True
images/rotation_0004.jpg,pipeline,PCB-5851-LN,99.96739983745712,0.3988061000000016,PASS,OK,False,,0.0,True,rotation,0.0,PASS,PCB-5851-LN,component,Main Controller PCB,0.0,0.0,4.567704823560439,0.0,0.0,0.6,1.9759302968787635,0.1768074208963974,0.1628000258300201,1.0053961704787011,91,482163473,"411.6,329.8;1014.8,329.8;1014.8,601.2;411.6,601.2",OK,True,True
images/rotation_0005.jpg,baseline,59596-T,96.45558365234582,8.403046700000232,ERROR,INCOMPLETE_READ,True,,0.36363636363636365,False,rotation,0.0,PASS,LBL-59596-T,shipping,Return Label Stock,0.0,0.0,41.20690832237286,0.0,0.0,0.0,1.3466631210459454,0.0772937153623048,0.193461505505904,0.9946339343882488,79,262021465,"465.4,421.4;1102.0,421.4;1102.0,719.8;465.4,719.8",OK,False,False
images/rotation_0005.jpg,pipeline,LBL-59596-T,94.8981661104066,1.3173767999996926,PASS,OK,True,,0.0,True,rotation,0.0,PASS,LBL-59596-T,shipping,Return Label Stock,0.0,0.0,41.20690832237286,0.0,0.0,0.0,1.3466631210459454,0.0772937153623048,0.193461505505904,0.9946339343882488,79,262021465,"465.4,421.4;1102.0,421.4;1102.0,719.8;465.4,719.8",OK,True,True
images/rotation_0024.jpg,baseline,MTR-P83614-5,69.33970980186743,8.415090299999974,PASS,OK,False,,0.0,True,rotation,20.0,PASS,MTR-P83614-5,component,BLDC Motor 24V,20.0,0.0,97.58823076056105,0.0,0.0,0.0,2.0686670898003867,0.0749945711895737,0.1093884047387442,1.1208881438231544,93,735478462,"262.0,507.9;893.9,277.9;997.4,562.3;365.5,792.3",OK,True,True
images/rotation_0024.jpg,pipeline,MTR-P83614-5,97.98646257322444,0.6962471999995614,PASS,OK,False,,0.0,True,rotation,20.0,PASS,MTR-P83614-5,component,BLDC Motor 24V,20.0,0.0,97.58823076056105,0.0,0.0,0.0,2.0686670898003867,0.0749945711895737,0.1093884047387442,1.1208881438231544,93,735478462,"262.0,507.9;893.9,277.9;997.4,562.3;365.5,792.3",OK,True,True
images/rotation_0025.jpg,baseline,SN-F61136-BU,41.62209244800103,8.3858881999995,MISMATCH,UNKNOWN_SERIAL,True,,0.0,True,rotation,20.0,MISMATCH,SN-F61136-BU,shipping,Unregistered Part,20.0,0.0,33.02408097480886,0.0,0.0,0.6,2.267914353653001,0.1397878938598735,0.1254364330162197,1.08247232837649,82,61025306,"319.2,387.3;970.2,150.4;1081.3,455.5;430.3,692.5",UNKNOWN_SERIAL,True,True
images/rotation_0025.jpg,pipeline,SN-F61136-BU,86.96665323261442,2.031451800000468,MISMATCH,UNKNOWN_SERIAL,True,,0.0,True,rotation,20.0,MISMATCH,SN-F61136-BU,shipping,Unregistered Part,20.0,0.0,33.02408097480886,0.0,0.0,0.6,2.267914353653001,0.1397878938598735,0.1254364330162197,1.08247232837649,82,61025306,"319.2,387.3;970.2,150.4;1081.3,455.5;430.3,692.5",UNKNOWN_SERIAL,True,True
images/rotation_0026.jpg,baseline,DRV-759972-S,56.49115445106156,8.1604212000002,PASS,OK,False,,0.0,True,rotation,20.0,PASS,DRV-759972-S,pcb,Stepper Driver Board,20.0,0.0,49.82968149637428,0.0,0.0,0.6,2.823992257202092,0.1415888976051137,0.2278292153104756,0.8570085987819637,82,1028308152,"383.8,568.5;883.1,386.7;968.1,620.3;468.8,802.0",OK,True,True
images/rotation_0026.jpg,pipeline,DRV-759972-S,79.04127436038573,6.472862100000384,PASS,OK,False,,0.0,True,rotation,20.0,PASS,DRV-759972-S,pcb,Stepper Driver Board,20.0,0.0,49.82968149637428,0.0,0.0,0.6,2.823992257202092,0.1415888976051137,0.2278292153104756,0.8570085987819637,82,1028308152,"383.8,568.5;883.1,386.7;968.1,620.3;468.8,802.0",OK,True,True
images/rotation_0027.jpg,baseline,PCB-V9203-S,75.49325974981183,8.112404399999832,PASS,OK,False,,0.0,True,rotation,20.0,PASS,PCB-V9203-S,metal,Main Controller PCB,20.0,0.0,148.28117722666568,0.0,0.0,0.0,1.6159723507812878,0.3458946343615848,0.2179106580902669,1.1098379007607075,95,569561605,"151.2,523.0;776.9,295.3;879.4,576.9;253.7,804.6",OK,True,True
images/rotation_0027.jpg,pipeline,PCB-V9203-S,98.8257566301645,0.3727391999991596,PASS,OK,False,,0.0,True,rotation,20.0,PASS,PCB-V9203-S,metal,Main Controller PCB,20.0,0.0,148.28117722666568,0.0,0.0,0.0,1.6159723507812878,0.3458946343615848,0.2179106580902669,1.1098379007607075,95,569561605,"151.2,523.0;776.9,295.3;879.4,576.9;253.7,804.6",OK,True,True
images/rotation_0028.jpg,baseline,PCB-5851-LN,89.48820748094823,8.49499300000025,PASS,OK,False,,0.0,True,rotation,20.0,PASS,PCB-5851-LN,component,Main Controller PCB,20.0,0.0,84.69811104605677,0.0,0.0,0.36,3.4635958435332506,0.1513174036298221,0.0612511480716879,1.143438599801376,95,476394917,"296.6,509.5;941.3,274.8;1046.9,565.0;402.2,799.6",OK,True,True
images/rotation_0028.jpg,pipeline,PCB-5851-LN,88.96779334713881,0.4180427999999665,PASS,OK,False,,0.0,True,rotation,20.0,PASS,PCB-5851-LN,component,Main Controller PCB,20.0,0.0,84.69811104605677,0.0,0.0,0.36,3.4635958435332506,0.1513174036298221,0.0612511480716879,1.143438599801376,95,476394917,"296.6,509.5;941.3,274.8;1046.9,565.0;402.2,799.6",OK,True,True
images/rotation_0029.jpg,baseline,SN-SO17-BL,87.65994350888306,8.466617500000211,PASS,OK,True,,0.1,False,rotation,20.0,PASS,SN-S017-BL,shipping,Voltage Regulator Module,20.0,0.0,49.63715092736355,0.0,0.0,0.6,1.652540492875046,0.0647876107035576,0.1914539157989191,1.0184770714395917,82,431599979,"216.8,445.6;829.3,222.7;933.8,509.8;321.3,732.7",OK,True,True
images/rotation_0029.jpg,pipeline,SN-SO17-BL,89.93906921550811,0.4195639999998093,PASS,OK,True,,0.1,False,rotation,20.0,PASS,SN-S017-BL,shipping,Voltage Regulator Module,20.0,0.0,49.63715092736355,0.0,0.0,0.6,1.652540492875046,0.0647876107035576,0.1914539157989191,1.0184770714395917,82,431599979,"216.8,445.6;829.3,222.7;933.8,509.8;321.3,732.7",OK,True,True
images/rotation_0048.jpg,baseline,PCB-5851-LN,99.68626052443769,8.467595800000709,PASS,OK,False,,0.0,True,rotation,40.0,PASS,PCB-5851-LN,component,Main Controller PCB,40.0,0.0,122.12841802317767,0.0,0.0,0.0,1.579456680573854,0.0487229165408109,0.2083362920005805,0.8910132681404518,90,699565553,"530.8,477.6;940.4,134.0;1095.0,318.3;685.5,661.9",OK,True,True
images/rotation_0048.jpg,pipeline,PCB-5851-LN,99.94618746113254,0.3938800000005358,PASS,OK,False,,0.0,True,rotation,40.0,PASS,PCB-5851-LN,component,Main Controller PCB,40.0,0.0,122.12841802317767,0.0,0.0,0.0,1.579456680573854,0.0487229165408109,0.2083362920005805,0.8910132681404518,90,699565553,"530.8,477.6;940.4,134.0;1095.0,318.3;685.5,661.9",OK,True,True
images/rotation_0049.jpg,baseline,CMP-2720-7,75.3405662915888,8.366687700000512,PASS,OK,False,,0.18181818181818182,False,rotation,40.0,PASS,CMP-2720-TZ,shipping,Capacitor Bank Unit,40.0,0.0,23.626202967142817,0.0,0.0,0.0,2.3760062172868,0.0992355841909885,0.0803985574942412,1.068622625940989,79,131163739,"230.2,635.2;754.1,195.6;960.2,441.1;436.2,880.7",OK,True,True
images/rotation_0049.jpg,pipeline,CMP-2720-TZ,96.12169409913776,0.41949560000011843,PASS,OK,False,,0.0,True,rotation,40.0,PASS,CMP-2720-TZ,shipping,Capacitor Bank Unit,40.0,0.0,23.626202967142817,0.0,0.0,0.0,2.3760062172868,0.0992355841909885,0.0803985574942412,1.068622625940989,79,131163739,"230.2,635.2;754.1,195.6;960.2,441.1;436.2,880.7",OK,True,True
images/rotation_0050.jpg,baseline,SN-S017,98.23188257836044,8.344929600000796,ERROR,INCOMPLETE_READ,False,,0.3,False,rotation,40.0,PASS,SN-S017-BL,pcb,Voltage Regulator Module,40.0,0.0,124.73106536416076,0.0,0.0,0.36,1.3035715851269778,0.0322175375003662,0.2381945294434675,1.1389306631840448,83,274855146,"177.9,583.8;718.8,129.9;931.1,382.9;390.2,836.8",OK,False,False
images/rotation_0050.jpg,pipeline,SN-S017-BL,89.67535010143618,0.3856298999999126,PASS,OK,False,,0.0,True,rotation,40.0,PASS,SN-S017-BL,pcb,Voltage Regulator Module,40.0,0.0,124.73106536416076,0.0,0.0,0.36,1.3035715851269778,0.0322175375003662,0.2381945294434675,1.1389306631840448,83,274855146,"177.9,583.8;718.8,129.9;931.1,382.9;390.2,836.8",OK,True,True
images/rotation_0051.jpg,baseline,CMP-179198-P,99.92849910589605,8.319858200000454,PASS,OK,False,,0.0,True,rotation,40.0,PASS,CMP-179198-P,metal,Capacitor Bank Unit,40.0,0.0,98.2926740671676,0.0,0.0,0.0,3.2789430600473906,0.3041751655367578,0.1859852673916495,0.996922690225498,94,62297753,"393.4,492.9;851.6,108.4;1024.7,314.6;566.4,699.1",OK,True,True
images/rotation_0051.jpg,pipeline,CMP-179198-P,99.97725815661734,0.346804499999962,PASS,OK,False,,0.0,True,rotation,40.0,PASS,CMP-179198-P,metal,Capacitor Bank Unit,40.0,0.0,98.2926740671676,0.0,0.0,0.0,3.2789430600473906,0.3041751655367578,0.1859852673916495,0.996922690225498,94,62297753,"393.4,492.9;851.6,108.4;1024.7,314.6;566.4,699.1",OK,True,True
images/rotation_0052.jpg,baseline,SN-6949,89.55142027307417,8.347862999999961,ERROR,INCOMPLETE_READ,False,,0.3,False,rotation,40.0,PASS,SN-6949-8R,component,Voltage Regulator Module,40.0,0.0,26.216259216271773,0.0,0.0,0.0,2.29247036773023,0.1344865090640133,0.1431279699212227,1.1200393952231928,79,86485610,"174.6,622.9;689.4,190.9;883.8,422.6;369.0,854.6",OK,False,False
images/rotation_0052.jpg,pipeline,SN-6949-8R,84.42470156785664,1.7709539999996196,PASS,OK,False,,0.0,True,rotation,40.0,PASS,SN-6949-8R,component,Voltage Regulator Module,40.0,0.0,26.216259216271773,0.0,0.0,0.0,2.29247036773023,0.1344865090640133,0.1431279699212227,1.1200393952231928,79,86485610,"174.6,622.9;689.4,190.9;883.8,422.6;369.0,854.6",OK,True,True
images/rotation_0053.jpg,baseline,CMP-006459-2,46.493777223642596,8.254005799999504,PASS,OK,True,,0.08333333333333333,False,rotation,40.0,PASS,CMP-006459-Z,shipping,Capacitor Bank Unit,40.0,0.0,146.96179804362126,0.0,0.0,0.36,1.483968136154697,0.0050558059624274,0.115754335756238,0.9073980812782528,91,908042320,"199.1,488.6;643.9,115.3;818.9,323.8;374.0,697.1",OK,True,True
images/rotation_0053.jpg,pipeline,CMP-006459-2,80.06804672023264,1.6630433999998786,PASS,OK,True,,0.08333333333333333,False,rotation,40.0,PASS,CMP-006459-Z,shipping,Capacitor Bank Unit,40.0,0.0,146.96179804362126,0.0,0.0,0.36,1.483968136154697,0.0050558059624274,0.115754335756238,0.9073980812782528,91,908042320,"199.1,488.6;643.9,115.3;818.9,323.8;374.0,697.1",OK,True,True
images/rotation_0072.jpg,baseline,0,91.76298251901613,8.463509700000031,ERROR,INCOMPLETE_READ,False,,1.0,False,rotation,60.0,PASS,PSU-R992-M,component,Power Supply 12V 5A,60.0,0.0,24.963678719634423,0.0,0.0,0.0,3.811714006068657,0.0580308837564821,0.1873422291858469,1.0150349083141317,90,815062773,"565.2,655.2;869.7,127.8;1107.0,264.8;802.5,792.2",OK,False,False
images/rotation_0072.jpg,pipeline,PSU-R992-M,97.90832784561378,0.38603779999994003,PASS,OK,False,,0.0,True,rotation,60.0,PASS,PSU-R992-M,component,Power Supply 12V 5A,60.0,0.0,24.963678719634423,0.0,0.0,0.0,3.811714006068657,0.0580308837564821,0.1873422291858469,1.0150349083141317,90,815062773,"565.2,655.2;869.7,127.8;1107.0,264.8;802.5,792.2",OK,True,True
images/rotation_0073.jpg,baseline,6,82.49616498527281,8.429889300000468,ERROR,INCOMPLETE_READ,True,,0.9166666666666666,False,rotation,60.0,MISMATCH,CTL-553756-E,shipping,Unregistered Part,60.0,0.0,134.37380549032358,0.0,0.0,0.36,3.8330081875195776,0.1037252815248612,0.1689320946864215,0.9038919209842616,93,22517626,"433.9,584.4;723.1,83.4;957.9,219.0;668.7,720.0",UNKNOWN_SERIAL,False,False
images/rotation_0073.jpg,pipeline,CTL-553756-E,87.41717232935272,5.6623405000000275,MISMATCH,UNKNOWN_SERIAL,True,,0.0,True,rotation,60.0,MISMATCH,CTL-553756-E,shipping,Unregistered Part,60.0,0.0,134.37380549032358,0.0,0.0,0.36,3.8330081875195776,0.1037252815248612,0.1689320946864215,0.9038919209842616,93,22517626,"433.9,584.4;723.1,83.4;957.9,219.0;668.7,720.0",UNKNOWN_SERIAL,True,True
images/rotation_0074.jpg,baseline,2,98.06419107193598,8.30033370000001,ERROR,INCOMPLETE_READ,False,,1.0,False,rotation,60.0,PASS,MTR-P83614-5,pcb,BLDC Motor 24V,60.0,0.0,135.0889111275694,0.0,0.0,0.0,3.9607323766405433,0.106183443497683,0.1928877360495678,1.049345831881753,82,341746343,"345.0,665.6;670.3,102.2;933.9,254.3;608.6,817.8",OK,False,False
images/rotation_0074.jpg,pipeline,MTR-P83614-5,99.99733842355938,0.4581375999996453,PASS,OK,False,,0.0,True,rotation,60.0,PASS,MTR-P83614-5,pcb,BLDC Motor 24V,60.0,0.0,135.0889111275694,0.0,0.0,0.0,3.9607323766405433,0.106183443497683,0.1928877360495678,1.049345831881753,82,341746343,"345.0,665.6;670.3,102.2;933.9,254.3;608.6,817.8",OK,True,True
images/rotation_0075.jpg,baseline,1,82.91222488877601,8.245914099999936,ERROR,INCOMPLETE_READ,False,,1.0,False,rotation,60.0,PASS,SN-6949-8R,metal,Voltage Regulator Module,60.0,0.0,26.57401586613138,0.0,0.0,0.6,3.9982431574643664,0.2181522417157373,0.0726268426589934,1.0082372143367333,94,541279973,"187.0,725.2;489.5,201.3;725.3,337.4;422.8,861.3",OK,False,False
images/rotation_0075.jpg,pipeline,SN-6949-8R,89.12330588157977,0.3867282000001069,PASS,OK,False,,0.0,True,rotation,60.0,PASS,SN-6949-8R,metal,Voltage Regulator Module,60.0,0.0,26.57401586613138,0.0,0.0,0.6,3.9982431574643664,0.2181522417157373,0.0726268426589934,1.0082372143367333,94,541279973,"187.0,725.2;489.5,201.3;725.3,337.4;422.8,861.3",OK,True,True
images/rotation_0076.jpg,baseline,0,95.83953143881594,8.428259200000866,ERROR,INCOMPLETE_READ,False,,0.9166666666666666,False,rotation,60.0,MISMATCH,DRV-M6050-PC,component,Unregistered Part,60.0,0.0,133.13342475868694,0.0,0.0,0.36,2.355617884246957,0.0799212385045355,0.1377557527561856,0.9252742523981948,84,881416633,"223.6,616.9;501.2,136.1;717.5,261.0;439.9,741.8",UNKNOWN_SERIAL,False,False
images/rotation_0076.jpg,pipeline,DRV-M6050-PC,94.67448901973987,0.41118970000025,MISMATCH,UNKNOWN_SERIAL,False,,0.0,True,rotation,60.0,MISMATCH,DRV-M6050-PC,component,Unregistered Part,60.0,0.0,133.13342475868694,0.0,0.0,0.36,2.355617884246957,0.0799212385045355,0.1377557527561856,0.9252742523981948,84,881416633,"223.6,616.9;501.2,136.1;717.5,261.0;439.9,741.8",UNKNOWN_SERIAL,True,True
images/rotation_0077.jpg,baseline,2,92.85373272287565,8.361886599999707,ERROR,INCOMPLETE_READ,True,,1.0,False,rotation,60.0,PASS,SN-S017-BL,shipping,Voltage Regulator Module,60.0,0.0,125.82983086261125,0.0,0.0,0.0,2.139449023114276,0.0986255926304637,0.0703321480935982,0.9139978356411887,81,866232686,"296.9,667.0;589.3,160.4;826.8,297.5;534.3,804.1",OK,False,False
images/rotation_0077.jpg,pipeline,SN-SO17-BL,68.28282884058761,6.630885900000067,PASS,OK,True,,0.1,False,rotation,60.0,PASS,SN-S017-BL,shipping,Voltage Regulator Module,60.0,0.0,125.82983086261125,0.0,0.0,0.0,2.139449023114276,0.0986255926304637,0.0703321480935982,0.9139978356411887,81,866232686,"296.9,667.0;589.3,160.4;826.8,297.5;534.3,804.1",OK,True,True
images/rotation_0096.jpg,baseline,8,99.93748450115483,8.38486709999961,ERROR,INCOMPLETE_READ,False,,1.0,False,rotation,80.0,MISMATCH,CMP-1799-DW,component,Unregistered Part,80.0,0.0,125.05472570411813,0.0,0.0,0.0,2.7484973929708545,0.0194568486314383,0.1078174026711867,0.9188145602864336,88,143480572,"509.5,649.4;605.2,106.5;849.5,149.6;753.8,692.5",UNKNOWN_SERIAL,False,False
images/rotation_0096.jpg,pipeline,CMP-1799-DW,86.90507865551417,0.40631200000007084,MISMATCH,UNKNOWN_SERIAL,False,,0.0,True,rotation,80.0,MISMATCH,CMP-1799-DW,component,Unregistered Part,80.0,0.0,125.05472570411813,0.0,0.0,0.0,2.7484973929708545,0.0194568486314383,0.1078174026711867,0.9188145602864336,88,143480572,"509.5,649.4;605.2,106.5;849.5,149.6;753.8,692.5",UNKNOWN_SERIAL,True,True
images/rotation_0097.jpg,baseline,9,99.63993118456074,8.347197900000538,ERROR,INCOMPLETE_READ,True,,0.9090909090909091,False,rotation,80.0,PASS,DRV-3967-9A,shipping,Stepper Driver Board,80.0,0.0,136.15670903530162,0.0,0.0,0.6,3.5783546776732758,0.0793454959588549,0.0573587285532466,1.0707277328311866,92,616489103,"619.1,752.2;738.1,77.4;1054.5,133.1;935.5,808.0",OK,False,False
images/rotation_0097.jpg,pipeline,DRV-3967-9A,71.77659820381542,8.384106499999689,PASS,OK,True,,0.0,True,rotation,80.0,PASS,DRV-3967-9A,shipping,Stepper Driver Board,80.0,0.0,136.15670903530162,0.0,0.0,0.6,3.5783546776732758,0.0793454959588549,0.0573587285532466,1.0707277328311866,92,616489103,"619.1,752.2;738.1,77.4;1054.5,133.1;935.5,808.0",OK,True,True
images/rotation_0098.jpg,baseline,2,98.76503746284158,8.210557899999912,ERROR,INCOMPLETE_READ,False,,1.0,False,rotation,80.0,PASS,LBL-4983-YZ,pcb,Return Label Stock,80.0,0.0,115.12345379238369,0.0,0.0,0.6,2.870237407306191,0.0091914708512842,0.0880338995617498,0.8948705254513402,84,354311531,"232.6,783.1;329.0,236.7;584.5,281.7;488.2,828.1",OK,False,False
images/rotation_0098.jpg,pipeline,LBL-4983-YZ,99.81452227467707,0.6589958999993542,PASS,OK,False,,0.0,True,rotation,80.0,PASS,LBL-4983-YZ,pcb,Return Label Stock,80.0,0.0,115.12345379238369,0.0,0.0,0.6,2.870237407306191,0.0091914708512842,0.0880338995617498,0.8948705254513402,84,354311531,"232.6,783.1;329.0,236.7;584.5,281.7;488.2,828.1",OK,True,True
images/rotation_0099.jpg,baseline,1,82.0656108665446,8.105399099999886,ERROR,INCOMPLETE_READ,False,,1.0,False,rotation,80.0,PASS,PSU-32360-G,metal,Power Supply 12V 5A,80.0,0.0,114.47330405151358,0.0,0.0,0.6,1.3464730441982502,0.303776021945468,0.243132508656584,0.9823272726735056,90,1797036,"648.9,712.4;751.2,132.0;1012.4,178.0;910.1,758.5",OK,False,False
images/rotation_0099.jpg,pipeline,PSU-32360-G,92.1953488453814,0.37774589999935415,PASS,OK,False,,0.0,True,rotation,80.0,PASS,PSU-32360-G,metal,Power Supply 12V 5A,80.0,0.0,114.47330405151358,0.0,0.0,0.6,1.3464730441982502,0.303776021945468,0.243132508656584,0.9823272726735056,90,1797036,"648.9,712.4;751.2,132.0;1012.4,178.0;910.1,758.5",OK,True,True
images/rotation_0100.jpg,baseline,8,99.99612573561514,8.317120099999556,ERROR,INCOMPLETE_READ,False,,1.0,False,rotation,80.0,PASS,MTR-03662-MX,component,BLDC Motor 24V,80.0,0.0,27.13398707658183,0.0,0.0,0.0,1.48358389726859,0.0485531249150929,0.135950355517407,1.0071590452375072,89,690139047,"259.6,786.0;364.5,190.9;632.4,238.1;527.4,833.2",OK,False,False
images/rotation_0100.jpg,pipeline,MTR-03662-MX,99.46705579819366,1.2056548999998995,PASS,OK,False,,0.0,True,rotation,80.0,PASS,MTR-03662-MX,component,BLDC Motor 24V,80.0,0.0,27.13398707658183,0.0,0.0,0.0,1.48358389726859,0.0485531249150929,0.135950355517407,1.0071590452375072,89,690139047,"259.6,786.0;364.5,190.9;632.4,238.1;527.4,833.2",OK,True,True
images/rotation_0101.jpg,baseline,1,93.65273973347179,8.335422899999685,ERROR,INCOMPLETE_READ,True,,1.0,False,rotation,80.0,MISMATCH,LBL-G403-4,shipping,Unregistered Part,80.0,0.0,54.65432775788433,0.0,0.0,0.0,1.2301092796112487,0.0393932875618062,0.1052899577505279,0.9268385695505884,85,238847634,"257.9,697.8;360.9,113.6;634.8,161.9;531.8,746.0",UNKNOWN_SERIAL,False,False
images/rotation_0101.jpg,pipeline,LBL-6403-4,96.83896868378052,0.6895054999995409,MISMATCH,UNKNOWN_SERIAL,True,,0.1,False,rotation,80.0,MISMATCH,LBL-G403-4,shipping,Unregistered Part,80.0,0.0,54.65432775788433,0.0,0.0,0.0,1.2301092796112487,0.0393932875618062,0.1052899577505279,0.9268385695505884,85,238847634,"257.9,697.8;360.9,113.6;634.8,161.9;531.8,746.0",UNKNOWN_SERIAL,True,True
images/rotation_0108.jpg,baseline,5,62.54293667349522,8.428740199999993,ERROR,INCOMPLETE_READ,False,,0.9,False,rotation,90.0,PASS,PCB-5740-P,component,Main Controller PCB,90.0,0.0,168.78463570566072,0.0,0.0,0.0,3.269882991066974,0.0616056269205092,0.1750712165998534,0.9105557066387608,86,739600914,"256.0,811.5;256.0,265.2;501.9,265.2;501.9,811.5",OK,False,False
images/rotation_0108.jpg,pipeline,PCB-5740-P,99.99360642129041,7.225717700000132,PASS,OK,False,,0.0,True,rotation,90.0,PASS,PCB-5740-P,component,Main Controller PCB,90.0,0.0,168.78463570566072,0.0,0.0,0.0,3.269882991066974,0.0616056269205092,0.1750712165998534,0.9105557066387608,86,739600914,"256.0,811.5;256.0,265.2;501.9,265.2;501.9,811.5",OK,True,True
images/rotation_0109.jpg,baseline,2,83.41807595809456,8.029007000000092,ERROR,INCOMPLETE_READ,True,,0.9090909090909091,False,rotation,90.0,PASS,DRV-1524-TS,shipping,Stepper Driver Board,90.0,0.0,168.00289841587423,0.0,0.0,0.0,3.780246867905425,0.1596482895048944,0.1772947306151311,0.980015462932854,75,112336785,"491.0,836.2;491.0,209.0;785.0,209.0;785.0,836.2",OK,False,False
images/rotation_0109.jpg,pipeline,DRV-1524-TS,98.5151008326062,5.169187200000124,PASS,OK,True,,0.0,True,rotation,90.0,PASS,DRV-1524-TS,shipping,Stepper Driver Board,90.0,0.0,168.00289841587423,0.0,0.0,0.0,3.780246867905425,0.1596482895048944,0.1772947306151311,0.980015462932854,75,112336785,"491.0,836.2;491.0,209.0;785.0,209.0;785.0,836.2",OK,True,True
images/rotation_0110.jpg,baseline,8,99.98006919997806,8.021215299999312,ERROR,INCOMPLETE_READ,False,,1.0,False,rotation,90.0,PASS,BOX-501204-VH,pcb,Shipping Carton,90.0,0.0,172.33935506568625,0.0,0.0,0.6,2.6172363760853714,0.128477752691277,0.1306874664430158,1.108633909424988,95,567396292,"306.5,763.7;306.5,76.3;628.0,76.3;628.0,763.7",OK,False,False
images/rotation_0110.jpg,pipeline,BOX-501204-VH,82.61223581677332,3.845706899999641,PASS,OK,False,,0.0,True,rotation,90.0,PASS,BOX-501204-VH,pcb,Shipping Carton,90.0,0.0,172.33935506568625,0.0,0.0,0.6,2.6172363760853714,0.128477752691277,0.1306874664430158,1.108633909424988,95,567396292,"306.5,763.7;306.5,76.3;628.0,76.3;628.0,763.7",OK,True,True
images/rotation_0111.jpg,baseline,1,57.51042370627921,8.052447399999437,ERROR,INCOMPLETE_READ,False,,1.0,False,rotation,90.0,MISMATCH,PSU-2290-0,metal,Unregistered Part,90.0,0.0,35.80599863984503,0.0,0.0,0.36,2.7825636567463907,0.4506568788050104,0.084534040680169,0.889680114718985,95,647582780,"606.5,659.5;606.5,125.7;846.7,125.7;846.7,659.5",UNKNOWN_SERIAL,False,False
images/rotation_0111.jpg,pipeline,PSU-2290-0,99.99469214008109,4.562950200000159,MISMATCH,UNKNOWN_SERIAL,False,,0.0,True,rotation,90.0,MISMATCH,PSU-2290-0,metal,Unregistered Part,90.0,0.0,35.80599863984503,0.0,0.0,0.36,2.7825636567463907,0.4506568788050104,0.084534040680169,0.889680114718985,95,647582780,"606.5,659.5;606.5,125.7;846.7,125.7;846.7,659.5",UNKNOWN_SERIAL,True,True
images/rotation_0112.jpg,baseline,8,99.99995231628986,8.167216400000143,ERROR,INCOMPLETE_READ,False,,1.0,False,rotation,90.0,MISMATCH,PSU-44033-V,component,Unregistered Part,90.0,0.0,145.31605849613612,0.0,0.0,0.6,3.415366838800348,0.0571190477618447,0.1023584109131411,1.0694624406558892,82,710159205,"594.2,864.7;594.2,223.0;882.9,223.0;882.9,864.7",UNKNOWN_SERIAL,False,False
images/rotation_0112.jpg,pipeline,PSU-44033-V,76.15877124580456,10.01066019999962,MISMATCH,UNKNOWN_SERIAL,False,,0.0,True,rotation,90.0,MISMATCH,PSU-44033-V,component,Unregistered Part,90.0,0.0,145.31605849613612,0.0,0.0,0.6,3.415366838800348,0.0571190477618447,0.1023584109131411,1.0694624406558892,82,710159205,"594.2,864.7;594.2,223.0;882.9,223.0;882.9,864.7",UNKNOWN_SERIAL,True,True
images/rotation_0113.jpg,baseline,2,98.07409570181704,8.167181200000414,ERROR,INCOMPLETE_READ,True,,0.9166666666666666,False,rotation,90.0,PASS,CTL-33542-X0,shipping,Motor Controller,90.0,0.0,40.58939015494979,0.0,0.0,0.36,1.7836084873903717,0.0827961916599114,0.0873258860099622,1.0665371427843149,82,663086501,"659.4,859.5;659.4,176.9;979.3,176.9;979.3,859.5",OK,False,False
images/rotation_0113.jpg,pipeline,CTL-33542-XO,84.24968457089366,6.311887500000012,PASS,OK,True,,0.08333333333333333,False,rotation,90.0,PASS,CTL-33542-X0,shipping,Motor Controller,90.0,0.0,40.58939015494979,0.0,0.0,0.36,1.7836084873903717,0.0827961916599114,0.0873258860099622,1.0665371427843149,82,663086501,"659.4,859.5;659.4,176.9;979.3,176.9;979.3,859.5",OK,True,True
