epoch,time,train/box_loss,train/cls_loss,train/dfl_loss,metrics/precision(B),metrics/recall(B),metrics/mAP50(B),metrics/mAP50-95(B),val/box_loss,val/cls_loss,val/dfl_loss,lr/pg0,lr/pg1,lr/pg2
1,43.4547,0.70769,1.91352,1.01923,0.00781,1,0.995,0.85145,0.46278,2.38898,0.85606,0.00064,0.00064,0.00064
2,85.6614,0.82269,1.21307,1.07921,0.64378,0.0779,0.36325,0.16759,1.80967,3.25231,2.05617,0.00126355,0.00126355,0.00126355
3,128.393,0.8289,1.09208,1.08452,0.40573,0.10289,0.27262,0.09146,2.39219,3.17255,3.55376,0.00184309,0.00184309,0.00184309
4,169.434,0.8559,1.01245,1.08219,0.45945,0.6129,0.51111,0.2324,1.5001,2.8157,1.91471,0.001802,0.001802,0.001802
5,216.467,0.77918,0.88985,1.02115,0.93252,0.95699,0.98308,0.77664,0.66955,1.20655,0.98324,0.001736,0.001736,0.001736
6,260.816,0.79551,0.82643,1.0423,0.98013,0.98925,0.99094,0.82211,0.62421,0.94266,0.92803,0.00167,0.00167,0.00167
7,304.018,0.79805,0.76162,1.02826,0.94913,0.98925,0.98481,0.80492,0.61715,0.96209,0.91,0.001604,0.001604,0.001604
8,348.009,0.75226,0.70523,1.0058,0.99915,1,0.995,0.86687,0.48894,0.59105,0.86043,0.001538,0.001538,0.001538
9,392.956,0.74976,0.66021,1.00773,0.9986,1,0.995,0.87023,0.50919,0.57806,0.85684,0.001472,0.001472,0.001472
10,437.764,0.73809,0.62851,1.00097,0.99931,1,0.995,0.85432,0.56706,0.54511,0.87875,0.001406,0.001406,0.001406
11,481.339,0.73333,0.62478,1.0145,0.99899,1,0.995,0.86987,0.54642,0.51233,0.87168,0.00134,0.00134,0.00134
12,527.661,0.75575,0.58169,0.99873,0.99932,1,0.995,0.87773,0.47367,0.46335,0.85442,0.001274,0.001274,0.001274
13,575.499,0.68794,0.55719,1.00577,0.99927,1,0.995,0.88924,0.45544,0.43673,0.84015,0.001208,0.001208,0.001208
14,622.289,0.65742,0.53302,0.97292,0.9986,1,0.995,0.87829,0.46797,0.5016,0.85051,0.001142,0.001142,0.001142
15,667.969,0.6472,0.50566,0.96317,0.99922,1,0.995,0.90365,0.44771,0.42499,0.83894,0.001076,0.001076,0.001076
16,712.959,0.6201,0.48498,0.95814,0.99933,1,0.995,0.89555,0.42287,0.36804,0.83517,0.00101,0.00101,0.00101
17,756.847,0.62537,0.47072,0.96426,0.99918,1,0.995,0.90289,0.434,0.36734,0.8356,0.000944,0.000944,0.000944
18,802.418,0.63815,0.46967,0.9624,0.9992,1,0.995,0.90408,0.40982,0.33716,0.82811,0.000878,0.000878,0.000878
19,849.841,0.5937,0.44129,0.95709,0.99939,1,0.995,0.91075,0.39048,0.33757,0.82079,0.000812,0.000812,0.000812
20,897.052,0.59608,0.43154,0.94301,0.99873,1,0.995,0.92073,0.36613,0.33434,0.81505,0.000746,0.000746,0.000746
21,943.359,0.44031,0.3651,0.85208,0.99935,1,0.995,0.92502,0.36033,0.32479,0.81162,0.00068,0.00068,0.00068
22,988.748,0.43292,0.34015,0.84503,0.99934,1,0.995,0.92482,0.35942,0.29054,0.80972,0.000614,0.000614,0.000614
23,1035.56,0.42752,0.32853,0.84447,0.99935,1,0.995,0.9377,0.34785,0.29211,0.80375,0.000548,0.000548,0.000548
24,1081.1,0.41976,0.32311,0.85046,0.99934,1,0.995,0.93397,0.34623,0.2782,0.80218,0.000482,0.000482,0.000482
25,1126.66,0.41087,0.30196,0.82664,0.99927,1,0.995,0.93484,0.3382,0.25925,0.80302,0.000416,0.000416,0.000416
26,1173.7,0.38931,0.29001,0.84718,0.99923,1,0.995,0.9333,0.32254,0.2518,0.80119,0.00035,0.00035,0.00035
27,1222.05,0.39015,0.28418,0.84162,0.99939,1,0.995,0.93535,0.32558,0.2518,0.79801,0.000284,0.000284,0.000284
28,1268.3,0.39037,0.27492,0.8275,0.99934,1,0.995,0.93168,0.33909,0.25531,0.80004,0.000218,0.000218,0.000218
29,1313.34,0.377,0.27633,0.83053,0.99938,1,0.995,0.93973,0.31563,0.2498,0.79707,0.000152,0.000152,0.000152
30,1358.52,0.36356,0.26598,0.82869,0.99939,1,0.995,0.94206,0.32087,0.25125,0.79852,8.6e-05,8.6e-05,8.6e-05
